frame_id,CI
2,0.7026785714285714
3,0.6529197
3,0.6529197
4,0.6554109
4,0.6353391
5,0.6412228
5,0.6637452
6,0.66668725
6,0.6666846
7,0.66517013
7,0.66482186
8,0.65980756
8,0.6598764
9,0.6620632
9,0.661483
10,0.66108614
10,0.66118133
11,0.6635021
11,0.6634572
12,0.66293716
12,0.6647295
13,0.6664646
13,0.6639983
14,0.66342527
14,0.6635074
15,0.66074866
15,0.65691656
16,0.65664005
16,0.6551294
17,0.6548825
17,0.6535584
18,0.6539484
18,0.65114063
19,0.6465732
19,0.6470941
20,0.6471259
20,0.6461908
21,0.643593
21,0.64272213
22,0.64373887
22,0.64406586
23,0.6442606
23,0.6456033
24,0.6431577
24,0.6423163
25,0.6425013
25,0.6440402
26,0.64206123
26,0.64313865
27,0.6433487
27,0.64360934
28,0.64280033
28,0.6430446
29,0.64324826
29,0.64385325
30,0.6444237
30,0.6455397
31,0.64660186
31,0.6467498
32,0.6459401
32,0.64594537
33,0.6466837
33,0.6476458
34,0.647781
34,0.64868104
35,0.64872575
35,0.64874285
36,0.64731264
36,0.6479015
37,0.6480189
37,0.6485731
38,0.64658666
38,0.6471092
39,0.64726025
39,0.64775366
40,0.6440009
40,0.64330643
41,0.64358455
41,0.6435543
42,0.64381844
42,0.64382446
43,0.64339817
43,0.6440367
44,0.6436879
44,0.6430632
45,0.64331
45,0.643738
46,0.64439267
46,0.64497644
47,0.64513457
47,0.64552015
48,0.6461283
48,0.6449859
49,0.6446174
49,0.6445439
50,0.6447446
50,0.6436795
51,0.64386314
51,0.6438862
52,0.64353
52,0.6435521
53,0.64372724
53,0.6442546
54,0.6443779
54,0.6447362
55,0.6453992
55,0.64490753
56,0.64457554
56,0.6445924
57,0.6452253
57,0.6452151
58,0.6453169
58,0.6453146
59,0.6445366
59,0.64455247
60,0.6450201
60,0.64503735
61,0.6454891
61,0.64548296
62,0.6442785
62,0.6447182
63,0.64354056
63,0.643135
64,0.6419489
64,0.64196604
65,0.64170706
65,0.6417092
66,0.63929427
66,0.6397052
67,0.638958
67,0.639356
68,0.6376109
68,0.63760227
69,0.6365411
69,0.6369212
70,0.6371503
70,0.63751906
71,0.6375854
71,0.6375793
72,0.6376937
72,0.6380465
73,0.63782656
73,0.63781565
74,0.63709354
74,0.6374316
75,0.63684046
75,0.6371692
76,0.6377753
76,0.63809496
77,0.6383172
77,0.63862824
78,0.638085
78,0.6383878
79,0.63749653
79,0.63746554
80,0.63804835
80,0.63800526
81,0.6378212
81,0.63779056
82,0.63762933
82,0.6378193
83,0.6383776
83,0.6383458
84,0.638692
84,0.638661
85,0.6378191
85,0.638092
86,0.6382885
86,0.6382445
87,0.63843906
87,0.6383948
88,0.63822407
88,0.6383966
89,0.6385568
89,0.6385225
90,0.63526046
90,0.6349387
91,0.63341075
91,0.6335793
92,0.6329825
92,0.63293415
93,0.6332049
93,0.6334522
94,0.63315064
94,0.6333925
95,0.6334027
95,0.6335571
96,0.63382536
96,0.63405776
97,0.6343192
97,0.6344662
98,0.63469607
98,0.6346437
99,0.6351532
99,0.6352959
100,0.63553685
100,0.63552034
101,0.6357309
101,0.635678
102,0.63565534
102,0.63534886
103,0.63508916
103,0.6350079
104,0.6349943
104,0.63544476
105,0.6340014
105,0.6340014
106,0.63329476
106,0.6332614
107,0.6332362
107,0.6333988
108,0.6333481
108,0.63331354
109,0.6333872
109,0.63312274
110,0.6328264
110,0.63225967
111,0.6306872
111,0.6306439
112,0.63088155
112,0.6308757
113,0.6306157
113,0.63077044
114,0.63022923
114,0.6296458
115,0.6299202
115,0.63054067
116,0.63070875
116,0.63063085
117,0.63087744
117,0.63106704
118,0.62989503
118,0.63030565
119,0.63103265
119,0.6307211
120,0.63071525
120,0.6310437
121,0.63127667
121,0.6312011
122,0.6307585
122,0.6307499
123,0.6307172
123,0.63050723
124,0.63079154
124,0.6310023
125,0.63099164
125,0.63091105
126,0.63141483
126,0.631329
127,0.6310652
127,0.6310164
128,0.6312745
128,0.63122696
129,0.6312278
129,0.630801
130,0.63069624
130,0.62952435
131,0.63973284
131,0.63981795
131,0.63981795
132,0.6401018
132,0.64038897
132,0.6537127
133,0.6532531
133,0.65299815
133,0.65200937
134,0.65150887
134,0.6513037
134,0.65160376
135,0.65179175
135,0.65191334
135,0.6465223
136,0.6465423
136,0.6464831
136,0.63353276
137,0.6335437
137,0.63359404
137,0.63279456
138,0.6329737
138,0.63281775
138,0.6331848
139,0.6332015
139,0.6331969
139,0.6355303
140,0.63635325
140,0.6365803
140,0.63816214
141,0.63828325
141,0.63805616
141,0.63592446
142,0.63609576
142,0.6360347
142,0.63754904
143,0.6379055
143,0.6377955
143,0.6391199
144,0.6389589
144,0.6390945
144,0.63831437
145,0.6384887
145,0.63813376
145,0.63743484
146,0.63748634
146,0.63748634
146,0.6376019
147,0.6377431
147,0.6377934
147,0.63927835
148,0.6389949
148,0.6392871
148,0.64007646
149,0.6403757
149,0.6405667
149,0.6412684
150,0.6412749
150,0.6415725
150,0.6412767
151,0.6411207
151,0.64087605
151,0.63958985
152,0.6399424
152,0.6392721
152,0.6393024
153,0.63929784
153,0.63887197
153,0.63761157
154,0.6376189
154,0.6374559
154,0.63811857
155,0.63790756
155,0.6380344
155,0.6386439
156,0.63864636
156,0.6385918
156,0.63965863
157,0.63932407
157,0.6395008
157,0.6385463
158,0.6386352
158,0.6385936
158,0.638141
159,0.63856286
159,0.6385069
159,0.6380273
160,0.63774633
160,0.63726234
160,0.63805866
161,0.63794154
161,0.63800377
161,0.6371016
162,0.6376398
162,0.6375268
162,0.6379201
163,0.6386333
163,0.6387542
163,0.63933116
164,0.63985246
164,0.64001817
164,0.6406926
165,0.6407157
165,0.64066994
165,0.640978
166,0.6420515
166,0.6418348
166,0.64212906
167,0.64255404
167,0.64234585
167,0.6426196
168,0.64347833
168,0.64353746
168,0.6439786
169,0.6442308
169,0.6442308
169,0.64476395
170,0.6446249
170,0.6444095
170,0.64462835
171,0.64454925
171,0.6445051
171,0.6448829
172,0.64445686
172,0.64428824
172,0.6446477
173,0.6440249
173,0.64418995
173,0.6444173
174,0.6448676
174,0.6448114
174,0.6451402
175,0.6456212
175,0.6456212
175,0.645935
176,0.6457494
176,0.6455122
176,0.64565796
177,0.64579105
177,0.645735
177,0.6411025
178,0.6415017
178,0.64128494
178,0.6415733
179,0.642144
179,0.64219666
179,0.6421967
180,0.6421967
180,0.642256
180,0.6423426
181,0.6424034
181,0.6423313
181,0.6425917
182,0.64231634
182,0.6423103
182,0.6422953
183,0.6419659
183,0.6418946
183,0.6421237
184,0.6420521
184,0.6420087
184,0.6422424
185,0.6426729
185,0.6426168
185,0.6430924
186,0.6426129
186,0.64257646
186,0.6427885
187,0.6427942
187,0.64233905
187,0.6427853
188,0.64284647
188,0.6428967
188,0.6430773
189,0.6431168
189,0.6428264
189,0.64316875
190,0.6450443
190,0.645158
190,0.645085
191,0.6461431
191,0.6459811
191,0.6463827
192,0.64702064
192,0.6471408
192,0.64752924
193,0.6470201
193,0.64680016
193,0.6471761
194,0.64733756
194,0.64733756
194,0.6477015
195,0.64768237
195,0.6473074
195,0.64765996
196,0.647775
196,0.647775
196,0.64811677
197,0.64828396
197,0.64811766
197,0.64844906
198,0.64858156
198,0.6483332
198,0.6485877
199,0.64824027
199,0.6480795
199,0.64839256
200,0.64838946
200,0.64832866
200,0.64863265
201,0.64864707
201,0.64817667
201,0.6481504
202,0.64831764
202,0.6484383
202,0.6472615
203,0.6476094
203,0.64756316
203,0.64749694
204,0.6473244
204,0.64710027
204,0.64700085
205,0.64766026
205,0.6472037
205,0.6472902
206,0.6476238
206,0.647517
206,0.6477509
207,0.6477386
207,0.6473344
207,0.64744985
208,0.64775085
208,0.6477508
208,0.6479739
209,0.6478012
209,0.6481527
209,0.6483701
210,0.64867425
210,0.64873034
210,0.6488248
211,0.64970136
211,0.6496102
211,0.64954495
212,0.6490314
212,0.6488381
212,0.64877707
213,0.6486165
213,0.64860475
213,0.6488096
214,0.6489933
214,0.6490925
214,0.64903045
215,0.6490211
215,0.6490168
215,0.64921486
216,0.64892644
216,0.64923763
216,0.6494829
217,0.64913976
217,0.6490566
217,0.6492449
218,0.64978766
218,0.6499986
218,0.6501826
219,0.6501848
219,0.65055966
219,0.6507395
220,0.6503951
220,0.6502777
220,0.65035045
221,0.6503346
221,0.6507149
221,0.6503329
222,0.6506274
222,0.65038866
222,0.65056396
223,0.6503916
223,0.6502665
223,0.6503458
224,0.65017235
224,0.6499107
224,0.6498473
225,0.6494926
225,0.6493205
225,0.64937013
226,0.6495442
226,0.64947927
226,0.64964485
227,0.64999217
227,0.64991343
227,0.6499799
228,0.6501532
228,0.650103
228,0.65016806
229,0.6499729
229,0.6501308
229,0.6501741
230,0.65029454
230,0.6507892
230,0.65085876
231,0.650824
231,0.6507069
231,0.650904
232,0.6508955
232,0.65048534
232,0.6504754
233,0.6508058
233,0.6506064
233,0.6507453
234,0.65131056
234,0.6510773
234,0.6511972
235,0.6509998
235,0.65083784
235,0.65105045
236,0.65135556
236,0.6514651
236,0.6514876
237,0.65143764
237,0.65132326
237,0.65128607
238,0.6516852
238,0.65166724
238,0.6518203
239,0.6518055
239,0.65097046
239,0.65081966
240,0.6507916
240,0.65084374
240,0.65094703
241,0.65099716
241,0.651182
241,0.65153706
242,0.65148485
242,0.6514871
242,0.6516164
243,0.65143675
243,0.65137386
243,0.6513625
244,0.65132326
244,0.6513044
244,0.6516733
245,0.65149033
245,0.6514259
245,0.6516654
246,0.6512998
246,0.6510538
246,0.6502913
247,0.64996994
247,0.6497405
247,0.6496205
248,0.64976823
248,0.64997965
248,0.64996797
249,0.649644
249,0.6495293
249,0.64952487
250,0.64958316
250,0.64956284
250,0.64958245
251,0.6496461
251,0.6498306
251,0.6502968
252,0.6502432
252,0.6508374
252,0.65069395
253,0.6508215
253,0.6511333
253,0.6515359
254,0.65153205
254,0.6516885
254,0.65172577
255,0.6517326
255,0.6517008
255,0.65168667
256,0.65165776
256,0.6516541
256,0.6516541
257,0.6519887
257,0.65177095
257,0.65227515
258,0.6521701
258,0.65232855
258,0.65271634
259,0.65281725
259,0.65279496
259,0.6531544
260,0.65329695
260,0.65372306
260,0.65376705
261,0.653729
261,0.6535954
261,0.65357095
262,0.65368676
262,0.6535738
262,0.6535046
263,0.6533129
263,0.6533042
263,0.6532513
264,0.6534624
264,0.65321237
264,0.65312356
265,0.66417354
265,0.66427547
265,0.6642963
265,0.6642963
266,0.6644508
266,0.6646098
266,0.66471857
266,0.67382306
267,0.6737734
267,0.6736263
267,0.6735326
267,0.6615746
268,0.66171104
268,0.66158366
268,0.66124606
268,0.6626294
269,0.66285336
269,0.6626646
269,0.6626635
269,0.66611505
270,0.6663601
270,0.66652155
270,0.6666383
270,0.6624284
271,0.6626416
271,0.66275495
271,0.6627189
271,0.66461456
272,0.66507053
272,0.66485643
272,0.6645115
272,0.66586566
273,0.6665867
273,0.66607153
273,0.66594756
273,0.6653703
274,0.6655102
274,0.6655523
274,0.665305
274,0.66586477
275,0.6659003
275,0.6657219
275,0.66547865
275,0.6649786
276,0.66765046
276,0.6678284
276,0.6679462
276,0.6681571
276,0.6681571
277,0.6681952
277,0.66805786
277,0.6697878
277,0.6699637
277,0.67392933
278,0.6739983
278,0.6741284
278,0.67412454
278,0.6750246
278,0.66895425
279,0.6689471
279,0.66887033
279,0.6689457
279,0.6689124
279,0.64839655
280,0.64839655
280,0.64831907
280,0.6479051
280,0.6477341
280,0.6442342
281,0.64443535
281,0.6444369
281,0.644356
281,0.64445037
281,0.6494216
282,0.6497531
282,0.649751
282,0.6498118
282,0.64970255
282,0.64534
283,0.6454112
283,0.64541143
283,0.6453959
283,0.64501506
283,0.64225334
284,0.64232856
284,0.6422942
284,0.6422926
284,0.6421856
284,0.6449662
285,0.6451318
285,0.64516544
285,0.645064
285,0.6451653
285,0.64676887
286,0.6469359
286,0.64677083
286,0.6467967
286,0.64733994
286,0.6488915
287,0.64893585
287,0.64887494
287,0.6478516
287,0.64731663
287,0.6497208
288,0.649856
288,0.6497831
288,0.649514
288,0.64989907
288,0.65124553
289,0.6512178
289,0.65134084
289,0.65126276
289,0.6513873
289,0.6530867
290,0.65317017
290,0.653152
290,0.6532287
290,0.65306795
290,0.6545223
291,0.6545055
291,0.6546329
291,0.6544456
291,0.6542014
291,0.6554939
292,0.6555242
292,0.6554087
292,0.6551362
292,0.65528667
292,0.656393
293,0.65668315
293,0.6566701
293,0.65621
293,0.6563171
293,0.6573164
294,0.6574037
294,0.657258
294,0.65688246
294,0.6570112
294,0.65803796
295,0.65821373
295,0.65846896
295,0.65818226
295,0.6580398
295,0.6588151
296,0.65860236
296,0.65845126
296,0.6582568
296,0.65799487
296,0.65896523
297,0.6589323
297,0.6589105
297,0.6587167
297,0.65881497
297,0.6590817
298,0.6590797
298,0.6591808
298,0.65872633
298,0.65898836
298,0.65914094
299,0.65923023
299,0.65935695
299,0.6588721
299,0.65891
299,0.6595763
300,0.6595602
300,0.65968764
300,0.6595561
300,0.65979445
300,0.6604053
301,0.66038924
301,0.6606234
301,0.66075844
301,0.66098344
301,0.66132873
302,0.66139853
302,0.66153234
302,0.6621282
302,0.66209966
302,0.66273093
303,0.6623819
303,0.6623785
303,0.66253835
303,0.6624269
303,0.66281974
304,0.6629072
304,0.6630048
304,0.66297656
304,0.6628243
304,0.6633737
305,0.6634691
305,0.6635925
305,0.66358393
305,0.66360736
305,0.6642124
306,0.6641999
306,0.66421604
306,0.6641441
306,0.66416544
306,0.6646397
307,0.66471964
307,0.66499287
307,0.66477114
307,0.6646511
307,0.66518235
308,0.66496384
308,0.6650308
308,0.6649527
308,0.66502875
308,0.6655268
309,0.6651665
309,0.662917
309,0.6628429
309,0.6629162
309,0.6630978
310,0.6630629
310,0.6623433
310,0.66201395
310,0.6620651
310,0.6623539
311,0.66222125
311,0.6622126
311,0.6622513
311,0.66248214
311,0.66275436
312,0.66281104
312,0.6627825
312,0.662832
312,0.6626652
312,0.6628378
313,0.6629134
313,0.6626989
313,0.66231734
313,0.66236055
313,0.66275305
314,0.6628393
314,0.6627636
314,0.6627176
314,0.66275835
314,0.6631302
315,0.6631154
315,0.66291606
315,0.6628428
315,0.6626849
315,0.6630377
316,0.66324174
316,0.66308796
316,0.66297126
316,0.6631282
316,0.66346335
317,0.6633185
317,0.6632971
317,0.6632188
317,0.6632746
317,0.6635934
318,0.6636807
318,0.66317225
318,0.66313845
318,0.66323614
318,0.663341
319,0.6633186
319,0.66298604
319,0.6630125
319,0.6630632
319,0.6631624
320,0.66335595
320,0.66332203
320,0.66310036
320,0.66314924
320,0.6633722
321,0.66355515
321,0.6630596
321,0.66307724
321,0.66312456
321,0.66321605
322,0.6631327
322,0.6630571
322,0.6627708
322,0.6626271
322,0.6628336
323,0.6629273
323,0.6629306
323,0.6625851
323,0.662631
323,0.6628287
324,0.66291124
324,0.6631086
324,0.66315794
324,0.6632425
324,0.6633112
325,0.6633959
325,0.6635314
325,0.66348326
325,0.66334075
325,0.663261
326,0.6631441
326,0.6628875
326,0.66280717
326,0.6627818
326,0.6627507
327,0.6627507
327,0.6627461
327,0.66258633
327,0.66261625
327,0.662849
328,0.66225994
328,0.6620335
328,0.66202193
328,0.66205037
328,0.66222167
329,0.661958
329,0.6619205
329,0.66180205
329,0.6618301
329,0.6618919
330,0.66155326
330,0.6615528
330,0.6615203
330,0.66159725
330,0.66165036
331,0.6617406
331,0.6614716
331,0.6613481
331,0.66137356
331,0.66142756
332,0.6614114
332,0.6616188
332,0.6615854
332,0.66137296
332,0.6615747
333,0.66155905
333,0.66175425
333,0.6614345
333,0.6615482
333,0.6617429
334,0.6615531
334,0.66177744
334,0.66159195
334,0.6615216
334,0.6615447
335,0.66154116
335,0.66101307
335,0.6610904
335,0.66112894
335,0.66117704
336,0.661295
336,0.6611323
336,0.66150564
336,0.66154367
336,0.66172415
337,0.6617333
337,0.6616333
337,0.66176045
337,0.6618664
337,0.66199607
338,0.6620256
338,0.66183007
338,0.66119754
338,0.66122097
338,0.66139066
339,0.66146547
339,0.66181815
339,0.6618937
339,0.6618966
339,0.66201735
340,0.66211146
340,0.66210747
340,0.6619236
340,0.6620236
340,0.66205144
341,0.6619848
341,0.66207826
341,0.6620568
341,0.6621542
341,0.6622266
342,0.66225797
342,0.6623559
342,0.6623559
342,0.66237545
342,0.6625289
343,0.6626034
343,0.6626686
343,0.66263264
343,0.6626629
343,0.66268533
344,0.6630097
344,0.6631032
344,0.663043
344,0.6630622
344,0.66312766
345,0.66323745
345,0.6634807
345,0.6634572
345,0.6635479
345,0.6635732
346,0.6637926
346,0.6639016
346,0.6644034
346,0.66434085
346,0.66436505
347,0.66458815
347,0.6646873
347,0.66472554
347,0.6647535
347,0.6646585
348,0.6646487
348,0.66457164
348,0.66455525
348,0.66449136
348,0.6642771
349,0.66437066
349,0.66440094
349,0.66356945
349,0.66359645
349,0.6637355
350,0.6636775
350,0.6637743
350,0.6639166
350,0.66361564
350,0.6636332
351,0.6637937
351,0.6638925
351,0.66381323
351,0.66393113
351,0.6640272
352,0.6639283
352,0.66403675
352,0.6642489
352,0.6642651
352,0.66428065
353,0.6641907
353,0.6640913
353,0.66414577
353,0.6642595
353,0.66427916
354,0.6642706
354,0.6641348
354,0.6641887
354,0.6638326
354,0.6638155
355,0.663938
355,0.66391736
355,0.6639409
355,0.66394436
355,0.66392076
356,0.664113
356,0.66407824
356,0.66407824
356,0.6640379
356,0.6641616
357,0.6641616
357,0.6641245
357,0.66401637
357,0.66403717
357,0.66398704
358,0.6641106
358,0.6641065
358,0.66400015
358,0.66398424
358,0.66403586
359,0.66400254
359,0.66407305
359,0.6639972
359,0.66400117
359,0.6640516
360,0.66416556
360,0.66426176
360,0.6642313
360,0.66414833
360,0.66406184
361,0.66406405
361,0.6641736
361,0.6644804
361,0.66438234
361,0.6644978
362,0.66453016
362,0.6646273
362,0.6647613
362,0.66486907
362,0.66498184
363,0.66496575
363,0.6650594
363,0.6651131
363,0.66519195
363,0.66516715
364,0.66503394
364,0.6651456
364,0.66519463
364,0.66529834
364,0.66540754
365,0.66534096
365,0.6653719
365,0.66542184
365,0.6653658
365,0.66544104
366,0.6651612
366,0.66515744
366,0.66518426
366,0.6651183
366,0.66512513
367,0.6647741
367,0.6649783
367,0.66511583
367,0.66528344
367,0.6652901
368,0.6651267
368,0.6652573
368,0.6655494
368,0.6656632
368,0.6655816
369,0.66567355
369,0.66574776
369,0.6657749
369,0.6657252
369,0.6658272
370,0.66546404
370,0.66546404
370,0.6654031
370,0.6656798
370,0.66569066
371,0.6657232
371,0.66571975
371,0.6658012
371,0.6657771
371,0.6658464
372,0.66576105
372,0.6659568
372,0.66569483
372,0.66557777
372,0.6656457
373,0.66487974
373,0.6652535
373,0.6654343
373,0.66550857
373,0.66551226
374,0.66547906
374,0.66544074
374,0.6656609
374,0.6656887
374,0.665698
375,0.6656096
375,0.665714
375,0.6659613
375,0.66596615
375,0.66600305
376,0.6659911
376,0.6659528
376,0.6659528
376,0.66597897
376,0.6660709
377,0.665942
377,0.6660471
377,0.6660745
377,0.6661003
377,0.66617966
378,0.6662123
378,0.666174
378,0.6662267
378,0.6662267
378,0.66642743
379,0.66651195
379,0.66648996
379,0.6665734
379,0.6665339
379,0.6672336
380,0.66699576
380,0.666971
380,0.6675184
380,0.66765237
380,0.66805416
381,0.66792655
381,0.66790164
381,0.66806275
381,0.66813135
381,0.6682352
382,0.6682348
382,0.6681942
382,0.66826427
382,0.6683157
382,0.6688097
383,0.66880864
383,0.6689124
383,0.6690134
383,0.6691158
383,0.6695967
384,0.66950995
384,0.6696316
384,0.6697144
384,0.66968846
384,0.66978115
385,0.6696939
385,0.6696557
385,0.6697571
385,0.66976607
385,0.6699679
386,0.6700119
386,0.67026365
386,0.6702885
386,0.670188
386,0.6703041
387,0.670304
387,0.67070323
387,0.6717266
387,0.6718126
387,0.67189044
388,0.6719565
388,0.67199117
388,0.67234564
388,0.6721427
388,0.67227155
389,0.6723666
389,0.6724795
389,0.6725846
389,0.6724382
389,0.6723551
390,0.6694409
390,0.6695038
390,0.6695782
390,0.6696347
391,0.6697198
391,0.66990715
391,0.6700551
391,0.6700371
392,0.66997135
392,0.67024374
392,0.6702411
392,0.6702415
393,0.67032605
393,0.67078614
393,0.6708415
393,0.6708355
394,0.67072564
394,0.67107075
394,0.671069
394,0.6710359
395,0.67095125
395,0.67123795
395,0.67116153
395,0.67121565
396,0.67142653
396,0.671621
396,0.6717309
396,0.67173046
397,0.6716381
397,0.6718319
397,0.67184025
397,0.6719959
398,0.67155313
398,0.67200416
398,0.67195255
398,0.67210025
399,0.67221946
399,0.67270434
399,0.6727051
399,0.6726763
400,0.6727627
400,0.6728941
400,0.67276734
400,0.6727069
401,0.6728255
401,0.6728255
401,0.6727773
401,0.6727847
402,0.6727846
402,0.6727838
402,0.67267656
402,0.67247534
403,0.6727915
403,0.6727915
403,0.672855
403,0.6726851
404,0.67280155
404,0.6730049
404,0.67309576
404,0.6730952
405,0.67317796
405,0.6732803
405,0.673141
405,0.6719991
406,0.67212343
406,0.67219144
406,0.6722638
406,0.67215234
407,0.6719546
407,0.6722539
407,0.6723853
407,0.6719597
408,0.67220885
408,0.67231345
408,0.67230594
408,0.6718005
409,0.67179745
409,0.671898
409,0.67194724
409,0.6714413
410,0.671507
410,0.6718882
410,0.6717327
410,0.67160445
411,0.67172396
411,0.671843
411,0.6714071
411,0.6713575
412,0.671609
412,0.6717159
412,0.67153186
412,0.67152435
413,0.6716491
413,0.6720571
413,0.6718285
413,0.6716427
414,0.67164403
414,0.6718165
414,0.67190164
414,0.6718081
415,0.671934
415,0.6720337
415,0.67221737
415,0.6721235
416,0.67209107
416,0.6722078
416,0.67223406
416,0.67204505
417,0.6722807
417,0.6723855
417,0.67238677
417,0.67229164
418,0.67240745
418,0.67243725
418,0.67248964
418,0.67237115
419,0.6724953
419,0.6724953
419,0.6724966
419,0.67248416
420,0.6724843
420,0.6727874
420,0.67286325
420,0.67269665
421,0.6727289
421,0.67303747
421,0.6730387
421,0.6730232
422,0.67302334
422,0.6733057
422,0.6734893
422,0.67341864
423,0.66281843
423,0.66289496
423,0.6627251
424,0.66292274
424,0.66297555
424,0.66296154
425,0.6630802
425,0.66326755
425,0.66321355
426,0.66333044
426,0.66342324
426,0.6634611
427,0.6634611
427,0.663546
427,0.6633435
428,0.6638197
428,0.6638308
428,0.6637562
429,0.66424096
429,0.66432595
429,0.6641917
430,0.66456157
430,0.6646142
430,0.66459626
431,0.6646168
431,0.6647019
431,0.664682
432,0.6648058
432,0.6650498
432,0.66494554
433,0.66503745
433,0.66506386
433,0.664854
434,0.66499496
434,0.6651202
434,0.6651102
435,0.66523224
435,0.6653086
435,0.6651762
436,0.6651762
436,0.66517836
436,0.6650584
437,0.665069
437,0.66509527
437,0.664907
438,0.66494036
438,0.6649509
438,0.6648423
439,0.6647648
439,0.664864
439,0.66478235
440,0.6649129
440,0.66486526
440,0.6647301
441,0.6647967
441,0.66482294
441,0.6647673
442,0.66465694
442,0.6647412
442,0.6645185
443,0.6645518
443,0.6646013
443,0.664574
444,0.664574
444,0.6646576
444,0.6644868
445,0.6643768
445,0.6644029
445,0.66437054
446,0.65568364
446,0.65583193
446,0.65568465
447,0.6553251
447,0.65540045
447,0.65543765
448,0.6552615
448,0.655339
448,0.6554767
449,0.65467185
449,0.6547478
449,0.65451443
450,0.6542189
450,0.6545731
450,0.6545426
451,0.65402037
451,0.65402037
451,0.6538115
452,0.6537047
452,0.65379083
452,0.65375876
453,0.65091074
453,0.6508746
454,0.6508746
454,0.65073335
455,0.6511492
455,0.6443985
456,0.64441645
456,0.64441645
457,0.6444824
457,0.6442608
458,0.64434457
458,0.6443078
459,0.644352
459,0.6443186
460,0.6444176
460,0.6444018
461,0.64458334
461,0.64455456
462,0.64475226
462,0.64466
463,0.64466
463,0.64458245
464,0.6338393
465,0.63644147
465,0.63644147
466,0.636241
466,0.5930285
467,0.5929367
467,0.6112781
468,0.6114191
468,0.6175096
469,0.6171128
469,0.609107
470,0.6086382
470,0.60732305
471,0.60688776
471,0.6081038
472,0.6081271
472,0.6126971
473,0.61247444
473,0.61429536
474,0.614081
474,0.61251056
475,0.6122555
475,0.6073967
476,0.60732245
476,0.60879976
477,0.6087526
477,0.6094458
478,0.60932964
478,0.60989344
479,0.60985255
479,0.6120662
480,0.61203325
480,0.613778
481,0.6136854
481,0.61429995
482,0.61411333
482,0.61463934
483,0.614618
483,0.6159014
484,0.6186054
484,0.61816055
484,0.61816055
485,0.61816037
485,0.618861
485,0.6196696
486,0.6196687
486,0.6205195
486,0.61556613
487,0.61554605
487,0.6157533
487,0.60676634
488,0.60672325
488,0.6055167
488,0.609339
489,0.6093973
489,0.6091095
489,0.60222423
490,0.6021451
490,0.60299486
490,0.6053604
491,0.6053685
491,0.6058219
491,0.59929913
492,0.59933823
492,0.59969753
492,0.5962816
493,0.59614944
493,0.5960332
493,0.5952798
494,0.5952799
494,0.595437
494,0.5916916
495,0.59158075
495,0.5917329
495,0.5900961
496,0.5900528
496,0.5902026
496,0.5912716
497,0.5912716
497,0.5919389
497,0.5922747
498,0.5920824
498,0.59258837
498,0.59401816
499,0.59379625
499,0.59407943
499,0.5947449
500,0.59476215
500,0.5950392
500,0.5957175
501,0.59566015
501,0.59620523
501,0.59408563
502,0.59404385
502,0.59439313
503,0.5943602
503,0.5940882
504,0.5939083
504,0.59412354
505,0.5946208
505,0.5947525
506,0.59477806
506,0.59518236
507,0.5953404
507,0.59551996
508,0.5956191
508,0.5957928
509,0.59608847
509,0.5963513
510,0.59635997
510,0.5966365
511,0.59664947
511,0.5969133
512,0.59685534
512,0.5970886
513,0.59715533
513,0.59719896
514,0.5972017
514,0.59738594
515,0.5973686
515,0.5974913
516,0.59760606
516,0.59789
517,0.5978922
517,0.59752315
518,0.5976059
518,0.59780675
519,0.5977915
519,0.5975567
520,0.59769523
520,0.59770286
521,0.59777254
521,0.59799457
522,0.6006716
522,0.6008803
522,0.6008803
523,0.60098094
523,0.60118294
523,0.5133978
524,0.513407
524,0.5134968
524,0.54204756
525,0.5420714
525,0.54230344
525,0.549478
526,0.5493773
526,0.54945886
527,0.5495679
527,0.5496455
528,0.54970914
528,0.5496153
529,0.5497153
529,0.54971296
530,0.54966176
530,0.5495855
531,0.5495734
531,0.54965335
532,0.54965335
532,0.549653
533,0.5495692
533,0.54971325
534,0.54969186
534,0.5496091
535,0.54963595
535,0.5497823
536,0.5498041
536,0.5497317
537,0.5497756
537,0.5499631
538,0.54994535
538,0.55007577
539,0.5500866
539,0.54998416
540,0.5500114
540,0.5501394
541,0.5501734
541,0.550033
542,0.550115
542,0.5501734
543,0.5501901
543,0.55019367
544,0.5503172
544,0.550441
545,0.55049443
545,0.5506094
546,0.5507173
546,0.55067813
547,0.5507049
547,0.55056834
548,0.5505787
548,0.55025655
549,0.5503848
549,0.55008686
550,0.5499734
550,0.54990137
551,0.5496501
551,0.5469927
552,0.5470316
553,0.54690707
554,0.5468939
555,0.5510751
556,0.5509381
557,0.55107564
558,0.55107886
559,0.55106777
560,0.5510483
561,0.5509248
562,0.5508116
563,0.5508779
564,0.550614
565,0.55041367
566,0.5504478
567,0.5504091
568,0.55039144
569,0.5504652
570,0.55079806
571,0.5510815
572,0.5510212
573,0.55119026
574,0.5510242
575,0.55108917
576,0.5511449
577,0.5510095
578,0.55103505
579,0.5509375
580,0.55083627
581,0.55080795
582,0.55073327
583,0.55069137
584,0.55055827
585,0.55046415
586,0.5531977
586,0.5531977
587,0.55315775
587,0.5583703
588,0.55836236
588,0.5598941
589,0.5598907
589,0.5580444
590,0.5580193
590,0.55703676
591,0.55701834
591,0.5546232
592,0.5545366
592,0.55431753
593,0.5544356
593,0.55542004
594,0.5554044
594,0.55562407
595,0.55557245
595,0.5557461
596,0.55552894
596,0.55565274
597,0.5555869
597,0.5560746
598,0.55591905
598,0.556291
599,0.55613035
599,0.5561226
600,0.55586725
600,0.5561721
601,0.5560027
601,0.55624866
602,0.55624443
602,0.55645496
603,0.567273
603,0.56718415
603,0.56718415
604,0.5671293
604,0.56678027
604,0.5817094
605,0.58187926
605,0.58180916
605,0.5800335
606,0.5800702
606,0.579984
606,0.5781934
607,0.5781827
607,0.57852244
607,0.57897127
608,0.58183324
608,0.5821412
608,0.5824106
608,0.5824106
609,0.5823889
609,0.5827508
609,0.5818865
609,0.56786805
610,0.5679023
610,0.5679757
610,0.5682273
610,0.58081293
611,0.5807645
611,0.5809924
611,0.5811811
611,0.5831217
612,0.58311504
612,0.58315843
612,0.58330524
612,0.58425885
613,0.5842146
613,0.58438104
613,0.58396184
613,0.5809344
614,0.5809617
614,0.5811432
614,0.5812884
614,0.58140504
615,0.5814023
615,0.5811318
615,0.5812529
615,0.5826423
616,0.5826115
616,0.5827821
616,0.5828845
616,0.58393097
617,0.5838795
617,0.5840924
617,0.5837722
617,0.5845784
618,0.58457243
618,0.5846904
618,0.58479345
618,0.58545834
619,0.58546656
619,0.58557737
619,0.58566755
619,0.586454
620,0.5864404
620,0.5866599
620,0.5864248
620,0.58708024
621,0.5870666
621,0.58719265
621,0.58728105
621,0.58747035
622,0.5875022
622,0.58760375
622,0.5876829
622,0.58760947
623,0.5875439
623,0.5877334
623,0.5770904
624,0.5770837
624,0.57718843
624,0.5766041
625,0.57666886
625,0.57680756
625,0.5770754
626,0.57705647
626,0.5771428
626,0.57383096
627,0.57379454
627,0.57388026
627,0.57405144
628,0.57398283
628,0.57416666
628,0.57274884
629,0.57274675
629,0.5727265
629,0.5731475
630,0.5731635
630,0.5732391
630,0.5734349
631,0.5732606
631,0.5733974
631,0.5726415
632,0.57264143
632,0.57270616
632,0.5729961
633,0.57292116
633,0.57298315
633,0.57329714
634,0.5733192
634,0.57338107
634,0.57369983
635,0.57368535
635,0.57365656
635,0.5738832
636,0.573894
636,0.5740111
636,0.5742359
637,0.5742881
637,0.57434225
637,0.57461554
638,0.57454836
638,0.5745549
638,0.57480043
639,0.57478243
639,0.5748282
639,0.5749214
640,0.5749735
640,0.5750777
640,0.575403
641,0.5753446
641,0.57544506
641,0.5756553
642,0.5756033
642,0.57570016
642,0.5757624
643,0.5757872
643,0.57588065
643,0.57591736
644,0.57581776
644,0.575908
644,0.57617754
645,0.5761425
645,0.5760603
645,0.5763534
646,0.57614666
646,0.5761464
646,0.57629305
647,0.57622
647,0.57628405
647,0.5765136
648,0.57648796
648,0.5765927
648,0.5768104
649,0.57640994
649,0.57643455
649,0.5765372
650,0.57648057
650,0.5765387
650,0.5764836
651,0.5766214
651,0.5766536
651,0.576685
652,0.57661325
652,0.5766427
652,0.5767487
653,0.57684577
653,0.576749
653,0.57686347
654,0.57692987
654,0.5769562
654,0.57713366
655,0.5771655
655,0.57705283
655,0.5769171
656,0.5769648
656,0.5769614
656,0.5771015
657,0.5771062
657,0.5770152
657,0.577178
658,0.577156
658,0.5771832
658,0.57727164
659,0.577306
659,0.577322
659,0.577099
660,0.5770946
660,0.5769843
660,0.57708275
661,0.5770872
661,0.577175
661,0.5772445
662,0.5772027
662,0.57725316
662,0.5772415
663,0.57701933
663,0.5770165
663,0.5770815
664,0.58238024
664,0.58237755
664,0.5825148
665,0.58415645
665,0.58412874
665,0.5842611
665,0.5842611
666,0.58399993
666,0.5840642
666,0.5842162
666,0.576678
667,0.5794248
667,0.5794974
667,0.5796319
667,0.5844508
667,0.5844508
668,0.5844327
668,0.5844002
668,0.5844554
668,0.58223605
668,0.58843315
669,0.58840525
669,0.588334
669,0.58845115
669,0.58949375
669,0.5895205
670,0.58942324
670,0.5893492
670,0.58944327
670,0.5890384
670,0.5860337
671,0.5859957
671,0.5860133
671,0.5861232
671,0.5863541
671,0.58707726
672,0.5870499
672,0.58697855
672,0.58706635
672,0.58456373
673,0.58433145
673,0.5843511
673,0.58445454
673,0.5754783
674,0.57558966
674,0.57560736
674,0.5757076
674,0.5778964
675,0.5778731
675,0.5778473
675,0.57794446
675,0.5782007
676,0.57807493
676,0.57809174
676,0.57812506
676,0.57919115
677,0.5792322
677,0.57924974
677,0.5793249
677,0.57961655
678,0.5795249
678,0.5795406
678,0.57963055
678,0.58031124
679,0.58291644
679,0.58293283
679,0.5830034
679,0.57938534
679,0.57938534
680,0.5793796
680,0.5793942
680,0.5794794
680,0.578689
680,0.5838336
681,0.5838047
681,0.5837793
681,0.58380324
681,0.58425564
681,0.58471006
682,0.5847885
682,0.58480144
682,0.58487695
682,0.5852915
682,0.5862411
683,0.5862717
683,0.58628523
683,0.5863587
683,0.58692855
683,0.58718485
684,0.587075
684,0.58704865
684,0.5871056
684,0.58130246
684,0.58128136
685,0.58129555
685,0.58130836
685,0.5813782
685,0.57963973
685,0.5797713
686,0.57967764
686,0.57968897
686,0.5797428
686,0.58033913
686,0.580433
687,0.58044595
687,0.5804822
687,0.5804996
687,0.5804992
687,0.58056957
688,0.5805383
688,0.58055466
688,0.58062005
688,0.581101
688,0.58105856
689,0.5810912
689,0.58115184
689,0.58121556
689,0.58094275
689,0.58099574
690,0.5809658
690,0.5809892
690,0.5810378
690,0.58125454
690,0.5812979
691,0.581309
691,0.58142865
691,0.58148944
691,0.58189803
691,0.5819341
692,0.5819697
692,0.582037
692,0.5820501
692,0.5822059
692,0.5822364
693,0.5822172
693,0.5821923
693,0.5822377
693,0.58258003
693,0.58260614
694,0.58252126
694,0.5825634
694,0.5826207
694,0.582934
694,0.5829566
695,0.5829851
695,0.5830269
695,0.58308285
695,0.5833671
695,0.5833304
696,0.5834265
696,0.5834679
696,0.58352256
696,0.5837824
696,0.5837511
697,0.5836211
697,0.5836361
697,0.5836486
697,0.5838864
697,0.5839074
698,0.5840671
698,0.5840427
698,0.5840954
698,0.58431476
698,0.58433354
699,0.584543
699,0.5845871
699,0.58463854
699,0.5848384
699,0.5848554
700,0.58502173
700,0.58503646
700,0.58507466
700,0.5852581
700,0.5852293
701,0.58538276
701,0.5854001
701,0.5854495
701,0.58544505
701,0.585419
702,0.58550406
702,0.5854788
702,0.5855271
702,0.58568513
702,0.5857014
703,0.58571994
703,0.58576715
703,0.5857733
703,0.5859185
703,0.5858943
704,0.5860093
704,0.5860865
704,0.5861217
704,0.5862551
704,0.58627015
705,0.5862879
705,0.5863374
705,0.5863833
705,0.5865069
705,0.58652085
706,0.58650124
706,0.5865527
706,0.5865862
706,0.5865385
706,0.5865514
707,0.586612
707,0.58655775
707,0.5866019
707,0.5867072
707,0.58668494
708,0.5866548
708,0.58664304
708,0.5866863
708,0.58678263
708,0.5867948
709,0.5868567
709,0.58683264
709,0.5868751
709,0.58696306
709,0.58694494
710,0.58695877
710,0.5869764
710,0.5871733
710,0.5872546
710,0.58729464
711,0.5873286
711,0.5872706
711,0.5872419
711,0.58731484
711,0.5873247
712,0.5873528
712,0.5873723
712,0.5874356
712,0.5875017
712,0.5874842
713,0.58751154
713,0.5875052
713,0.5875579
713,0.5876175
713,0.58762705
714,0.5876175
714,0.5876039
714,0.5878091
714,0.5878627
714,0.5878716
715,0.5852173
715,0.5853047
715,0.5853524
715,0.5853333
716,0.58533746
716,0.5852783
716,0.5853215
716,0.5853301
717,0.58538336
717,0.58535737
717,0.58525175
717,0.58525985
718,0.58527523
718,0.5852684
718,0.5853016
718,0.58530927
719,0.58532476
719,0.5853188
719,0.5853471
719,0.58535445
720,0.5853451
720,0.58314615
720,0.58316994
720,0.5831769
721,0.585836
721,0.58568335
721,0.5857027
721,0.58570933
721,0.58570933
722,0.5857
722,0.5855852
722,0.5856003
722,0.58558285
722,0.5877905
723,0.58782923
723,0.58754665
723,0.58742756
723,0.5874336
723,0.5898824
724,0.5898827
724,0.58987606
724,0.58988345
724,0.58988917
724,0.5903802
725,0.5903715
725,0.5903535
725,0.59035724
725,0.59034467
725,0.590527
726,0.5906078
726,0.5905641
726,0.5905644
726,0.59057003
726,0.590435
727,0.59045225
727,0.590446
727,0.5904437
727,0.5904663
727,0.58951056
728,0.5895327
728,0.58945525
728,0.589449
728,0.5894369
728,0.58915967
729,0.5891612
729,0.5891461
729,0.58913666
729,0.5891219
729,0.5892973
730,0.5893285
730,0.5882017
730,0.5881892
730,0.58819425
730,0.588523
731,0.58598506
731,0.58576924
731,0.5856278
731,0.58598876
732,0.5860048
732,0.5858993
732,0.5858811
732,0.5860874
733,0.5862382
733,0.5860835
733,0.5860625
733,0.58608824
734,0.5860999
734,0.58593917
734,0.5859153
734,0.58607167
735,0.58612007
735,0.58598804
735,0.5859614
735,0.58616555
736,0.5861474
736,0.5859568
736,0.5859281
736,0.5860395
737,0.5860137
737,0.58584166
737,0.5858096
737,0.58590704
738,0.58596885
738,0.5858084
738,0.58577377
738,0.58575547
739,0.58578044
739,0.5856012
739,0.5855639
739,0.5856459
740,0.5856382
740,0.58543026
740,0.5852637
740,0.5853889
741,0.58275306
741,0.58253884
741,0.5825128
742,0.58256257
742,0.5823444
742,0.5824058
743,0.58144057
743,0.5812759
743,0.5813317
744,0.5813826
744,0.5810933
744,0.5811443
745,0.5810854
745,0.5809237
745,0.58101153
746,0.58096063
746,0.58081985
746,0.5807888
747,0.5807425
747,0.5805065
747,0.5805472
748,0.5885993
748,0.5801477
748,0.58018535
749,0.5804232
749,0.58043134
749,0.58050174
750,0.58064294
750,0.56979054
751,0.569836
751,0.56975913
752,0.56979734
752,0.56983006
753,0.5698316
753,0.56986225
754,0.5696354
754,0.5696951
755,0.56968933
755,0.56965935
756,0.5693255
756,0.5693515
757,0.56935453
757,0.56937903
758,0.56935865
758,0.5693414
759,0.5691746
759,0.5691974
760,0.56913847
760,0.56607723
761,0.5661396
761,0.5656299
762,0.56575173
762,0.5656998
763,0.56857085
763,0.56861794
763,0.56861794
764,0.57077545
764,0.57005924
764,0.57684153
765,0.57768714
765,0.57759815
765,0.5752277
766,0.5754497
766,0.57536846
766,0.57510257
767,0.5751328
767,0.5751394
767,0.5757591
768,0.5757815
768,0.57576895
768,0.57612336
769,0.57625794
769,0.5762852
769,0.57652146
770,0.5766361
770,0.5766267
770,0.5755712
771,0.5756323
771,0.57532096
771,0.5743928
772,0.5744451
772,0.57444394
772,0.5734045
773,0.5736199
773,0.573576
773,0.57393944
774,0.57403845
774,0.5739338
774,0.57397366
775,0.57407314
775,0.5741049
775,0.5744152
776,0.5745174
776,0.5745102
776,0.5745785
777,0.5746305
777,0.5719465
778,0.57205176
778,0.5719059
779,0.5720471
779,0.5722835
780,0.57237715
780,0.5722933
781,0.5723761
781,0.57252496
782,0.57259434
782,0.57270753
783,0.57273686
783,0.5728907
784,0.5730709
784,0.5733503
785,0.5733937
785,0.5734912
786,0.56363523
786,0.56374913
787,0.5744607
787,0.57455915
787,0.57455915
788,0.57458144
788,0.57475334
788,0.5808299
789,0.58082044
789,0.58077186
789,0.5818899
790,0.5819236
790,0.5819015
790,0.58094364
791,0.5809409
791,0.5810155
791,0.58022046
792,0.5802359
792,0.58017164
792,0.58043104
793,0.58045435
793,0.5801777
793,0.58048177
794,0.5804807
794,0.580275
794,0.58037984
795,0.5804279
795,0.58050585
795,0.58058447
796,0.58061165
796,0.5805914
796,0.58065253
797,0.58075815
797,0.58081836
797,0.580946
798,0.5809746
798,0.58099747
798,0.5808683
799,0.580861
799,0.58062965
799,0.5807362
800,0.5807418
800,0.5808157
800,0.58084553
801,0.5807563
801,0.58079875
801,0.5808243
802,0.58080465
802,0.5809378
802,0.58091
803,0.5827422
803,0.5827368
803,0.58192027
803,0.58192027
804,0.5817824
804,0.58181757
804,0.5819323
804,0.5661973
805,0.5661263
805,0.56618106
805,0.56623566
805,0.5714186
806,0.57138443
806,0.5714555
806,0.57154393
806,0.570782
807,0.5707406
807,0.57080835
807,0.5708172
807,0.571129
808,0.57106924
808,0.5711339
808,0.57117325
808,0.5729369
809,0.5728967
809,0.57290614
809,0.57291156
809,0.5743883
810,0.5743487
810,0.5744088
810,0.57444274
810,0.5747161
811,0.57468915
811,0.5747468
811,0.5748093
811,0.5755645
812,0.57551277
812,0.57556796
812,0.57548213
812,0.5761211
813,0.5760997
813,0.5761162
813,0.5760803
813,0.5768747
814,0.5768372
814,0.5768887
814,0.5769466
814,0.57788944
815,0.57782686
815,0.57787627
815,0.5778768
815,0.578076
816,0.5780483
816,0.57808053
816,0.57783455
816,0.5785483
817,0.5785124
817,0.5785243
817,0.57853436
817,0.5775061
818,0.5774458
818,0.57749075
818,0.57752216
818,0.57742363
819,0.57738876
819,0.57743204
819,0.57743996
819,0.57745004
820,0.5774156
820,0.5774573
820,0.57750857
820,0.5771202
821,0.5770948
821,0.577135
821,0.5771404
821,0.5772013
822,0.57714385
822,0.5771512
822,0.5771536
822,0.57670295
823,0.57667774
823,0.5767022
823,0.5761232
823,0.5762701
824,0.5762492
824,0.57628614
824,0.5760882
824,0.5765302
825,0.5764754
825,0.5765112
825,0.57653564
825,0.5765835
826,0.5765499
826,0.5765547
826,0.5763777
826,0.5765422
827,0.57651174
827,0.57653296
827,0.5765599
827,0.5767415
828,0.57671845
828,0.57675153
828,0.57677096
828,0.57680184
829,0.576749
829,0.57678103
829,0.5768057
829,0.5769648
830,0.5769356
830,0.5769384
830,0.57694453
830,0.5769739
831,0.57695216
831,0.5769827
831,0.5770055
831,0.5771891
832,0.57493824
832,0.5749678
832,0.57498425
832,0.5751008
833,0.57510746
833,0.5751362
833,0.5751573
833,0.57521856
834,0.57516813
834,0.5751845
834,0.5751901
834,0.5752179
835,0.5752157
835,0.573409
835,0.5734287
835,0.5734081
836,0.5734313
836,0.5735057
836,0.57352
836,0.5709577
837,0.5709788
837,0.5710408
837,0.5710591
838,0.5710689
838,0.5710984
838,0.5711014
839,0.5711081
839,0.5711431
839,0.57116026
840,0.57111406
840,0.5710926
840,0.5711052
841,0.57111186
841,0.57114965
841,0.5711657
842,0.57114834
842,0.5711786
842,0.5604679
843,0.5612719
843,0.56130797
844,0.5613342
844,0.56131476
845,0.56136024
845,0.5612903
846,0.5721801
846,0.5720978
846,0.5720978
847,0.57217175
847,0.5722089
847,0.5719115
848,0.5719395
848,0.5719815
848,0.5721562
849,0.5721777
849,0.57191736
849,0.57258207
850,0.572552
850,0.5725868
850,0.5724569
851,0.57247835
851,0.5724875
851,0.5735176
852,0.57351404
852,0.5735255
852,0.5729675
853,0.5729629
853,0.5729877
853,0.5733598
854,0.5735642
854,0.5735965
854,0.573682
855,0.5737066
855,0.57371664
855,0.57332784
856,0.57359064
856,0.57361376
856,0.5740703
857,0.57407117
857,0.5740938
857,0.5713739
858,0.5714173
858,0.57143945
858,0.5712772
859,0.57138735
859,0.57140213
859,0.57169807
860,0.5718042
860,0.5718255
860,0.57207614
861,0.572053
861,0.5720738
861,0.57216215
862,0.5721013
862,0.5721217
862,0.57219356
863,0.5721325
863,0.5721395
863,0.5723354
864,0.57224226
864,0.57226914
864,0.57230973
865,0.5723011
865,0.57229173
865,0.5724279
866,0.57242155
866,0.572452
866,0.57248753
867,0.572452
867,0.5724562
867,0.5724689
868,0.57240534
868,0.57239723
868,0.5724983
869,0.5724655
869,0.57246536
869,0.5724648
870,0.5724329
870,0.5724121
870,0.5724957
871,0.57246375
871,0.5725284
871,0.57253075
872,0.57252204
872,0.57259595
872,0.5726651
873,0.57260096
873,0.57268536
873,0.57266635
874,0.5726338
874,0.5726384
874,0.5726288
875,0.5725973
875,0.57261837
875,0.5726721
876,0.5725765
876,0.57255584
876,0.5725282
877,0.57243115
877,0.57244545
877,0.57241595
878,0.5723506
878,0.572389
878,0.57244474
879,0.57237667
879,0.5723692
879,0.57240677
880,0.5723724
880,0.5723962
880,0.5723593
881,0.57229114
881,0.5722909
881,0.57225263
882,0.572235
882,0.5722376
882,0.57226676
883,0.57226676
883,0.5722467
883,0.5722146
884,0.5722146
884,0.5708536
884,0.5708774
885,0.57084465
885,0.570865
885,0.5708202
886,0.572422
886,0.57242334
886,0.57238656
887,0.57236964
887,0.5723792
887,0.57239664
888,0.57239354
888,0.5723608
888,0.57237583
889,0.57235116
889,0.5723624
889,0.57232094
890,0.57234335
890,0.57237524
890,0.5723143
891,0.57229674
891,0.57229847
891,0.5723189
892,0.5722925
892,0.5723348
892,0.57228136
893,0.57228094
893,0.57236934
893,0.572315
894,0.57237107
894,0.5724044
894,0.5724197
895,0.57241935
895,0.572436
895,0.57237935
896,0.57237655
896,0.57238334
896,0.5703125
897,0.5703361
897,0.57034177
897,0.5704842
898,0.5704582
898,0.5704522
898,0.57058513
899,0.5706081
899,0.5707248
899,0.5708524
900,0.5708607
900,0.5708615
900,0.57098407
901,0.5710698
901,0.5710797
901,0.57119757
902,0.5711953
902,0.5711531
902,0.57126653
903,0.57202977
903,0.5708303
903,0.57093954
904,0.57104427
904,0.57102144
904,0.57111967
905,0.57120174
905,0.5707417
905,0.5708469
906,0.5708668
906,0.570674
906,0.5707718
907,0.57079214
907,0.57053846
907,0.5706262
908,0.57063633
908,0.5705927
908,0.5706839
909,0.570635
909,0.5700038
909,0.56658477
910,0.56663716
910,0.5660525
910,0.56620187
911,0.566186
911,0.5656966
911,0.5656994
912,0.565744
912,0.56554306
912,0.5656873
913,0.5657042
913,0.56565297
913,0.5657688
914,0.56581914
914,0.5651348
914,0.5651973
915,0.56527144
915,0.56527907
915,0.5653165
916,0.56535614
916,0.56508344
916,0.5651396
917,0.56518847
917,0.5651956
917,0.5652342
918,0.56527215
918,0.5652623
918,0.5653183
919,0.5653485
919,0.5652993
919,0.56533873
920,0.56528294
920,0.5652735
920,0.56532925
921,0.5653088
921,0.56532395
921,0.5653847
922,0.56542104
922,0.5654246
922,0.5654648
923,0.56550205
923,0.56551766
923,0.56557256
924,0.5656094
924,0.5656029
924,0.5656436
925,0.56571037
925,0.565682
925,0.5550271
926,0.5550649
926,0.55494225
927,0.5549771
927,0.55497813
928,0.55501336
928,0.55486935
929,0.5549005
929,0.55465794
930,0.5547004
930,0.5544948
931,0.55452883
931,0.5543598
932,0.55649817
932,0.5564631
933,0.55647165
933,0.5564619
934,0.55651563
934,0.55651635
935,0.5625039
935,0.56373054
936,0.5636215
936,0.5635775
937,0.56350106
937,0.56348693
938,0.56343013
938,0.56343704
939,0.566074
939,0.56608397
939,0.56608397
940,0.5660689
940,0.56612605
940,0.5578092
941,0.5577463
941,0.55768687
941,0.56404936
942,0.5640791
942,0.5639992
942,0.5646858
943,0.56469387
943,0.56467247
943,0.56595916
944,0.56588227
944,0.5659182
944,0.5666799
945,0.56666243
945,0.5667355
945,0.56694317
946,0.5668799
946,0.5669592
946,0.56762815
947,0.5675608
947,0.5675803
947,0.56761605
948,0.5675178
948,0.5675312
948,0.56692046
949,0.56686896
949,0.56706
949,0.56693554
950,0.5669391
950,0.566939
950,0.56700265
951,0.56699705
951,0.56682134
951,0.5668687
952,0.5668472
952,0.56675506
952,0.5669437
953,0.56694853
953,0.5669095
953,0.5669238
954,0.56692433
954,0.5669449
954,0.5670935
955,0.5670192
955,0.566975
955,0.5667345
956,0.56675637
956,0.56637913
956,0.5662747
957,0.5662966
957,0.56627727
957,0.56582385
958,0.56580573
958,0.5656917
958,0.5654926
959,0.5654962
959,0.5652595
959,0.56528807
960,0.5652806
960,0.56528646
960,0.56531125
961,0.5653146
961,0.56534225
961,0.56536585
962,0.5654163
962,0.56503755
962,0.5652458
963,0.5652889
963,0.56530535
963,0.5651539
964,0.565235
964,0.5652089
964,0.56545925
965,0.5654674
965,0.5654951
965,0.56526107
966,0.56528425
966,0.56512845
966,0.5648215
967,0.5648404
967,0.56488055
967,0.5651138
968,0.5651667
968,0.5651273
968,0.56534445
969,0.5653497
969,0.56537044
969,0.5655264
970,0.5655322
970,0.56555027
970,0.5656901
971,0.565713
971,0.5656076
971,0.5656034
972,0.56558573
972,0.5655219
972,0.56544584
973,0.56549937
973,0.5655179
973,0.5655118
974,0.5655353
974,0.5655562
974,0.56554705
975,0.5655696
975,0.56557536
975,0.5656831
976,0.5657666
976,0.5657856
976,0.5658225
977,0.5659073
977,0.56593525
977,0.5660856
978,0.5661402
978,0.56614625
978,0.56628895
979,0.5663387
979,0.56634563
979,0.5664315
980,0.5664568
980,0.5664852
980,0.56656724
981,0.56663203
981,0.56663835
981,0.56667084
982,0.5666802
982,0.5666873
982,0.5667697
983,0.56675494
983,0.56678957
983,0.5668247
984,0.5667989
984,0.56807107
984,0.5679496
985,0.5679733
985,0.5679559
985,0.56805426
986,0.56804687
986,0.56806034
986,0.5681696
987,0.5681945
987,0.56810284
987,0.5681758
988,0.56820095
988,0.5682153
988,0.5683164
989,0.5683406
989,0.5683552
989,0.5684665
990,0.568476
990,0.5684897
990,0.5685966
991,0.56863016
991,0.5686271
991,0.56872994
992,0.56875575
992,0.56874585
992,0.56884485
993,0.568846
993,0.56884867
993,0.5688566
994,0.5688852
994,0.5689407
994,0.5687813
995,0.5687608
995,0.56874704
995,0.5687982
996,0.56883025
996,0.56884867
996,0.56889975
997,0.5689009
997,0.5689009
997,0.56899047
998,0.569016
998,0.5690343
998,0.5690402
999,0.569034
999,0.569034
999,0.56910676
1000,0.5691079
1000,0.56910557
1000,0.5691474
1001,0.56914854
1001,0.5691489
1001,0.5690267
1002,0.56905234
1002,0.5690697
1002,0.5691105
1003,0.56911165
1003,0.570288
1003,0.5696953
1004,0.5697197
1004,0.56975126
1004,0.56952053
1005,0.56951314
1005,0.5699491
1005,0.5698843
1006,0.5593476
1006,0.55935866
1007,0.5595915
1007,0.5595382
1008,0.559594
1008,0.5596449
1009,0.5598597
1009,0.559909
1010,0.56046486
1010,0.56053734
1011,0.5609741
1011,0.5610202
1012,0.5612254
1012,0.5613045
1013,0.5613598
1013,0.5614028
1014,0.5620672
1014,0.56210893
1015,0.5620957
1015,0.5621362
1016,0.5624167
1016,0.5624792
1017,0.56250304
1017,0.562541
1018,0.56256473
1018,0.562634
1019,0.56262606
1019,0.5626616
1020,0.5626424
1020,0.5627086
1021,0.5627086
1021,0.5627104
1022,0.5627164
1022,0.5627711
1023,0.5627709
1023,0.5628024
1024,0.562823
1024,0.56288433
1025,0.5629257
1025,0.5629553
1026,0.5629506
1026,0.5630095
1027,0.5630302
1027,0.56302804
1028,0.5631722
1028,0.56322914
1029,0.5634741
1029,0.563499
1030,0.56370413
1030,0.5637589
1031,0.5639118
1031,0.5634672
1032,0.563515
1032,0.5634901
1033,0.5634922
1033,0.563496
1034,0.56349206
1034,0.5634402
1035,0.563439
1035,0.56343406
1036,0.5634526
1036,0.563468
1037,0.5634658
1037,0.5633638
1038,0.56337744
1038,0.5631174
1039,0.5631168
1039,0.5630325
1040,0.56303936
1040,0.5631502
1041,0.5631954
1041,0.563181
1042,0.5632332
1042,0.56325436
1043,0.56326926
1043,0.5632595
1044,0.5632832
1044,0.56327397
1045,0.5632835
1045,0.5633146
1046,0.5633354
1046,0.56334656
1047,0.5633215
1047,0.5633555
1048,0.56334126
1048,0.5634232
1049,0.56346655
1049,0.5635204
1050,0.5635339
1050,0.56356823
1051,0.56377786
1051,0.5637858
1052,0.56389344
1052,0.5638395
1053,0.5638989
1053,0.5638644
1054,0.56385726
1054,0.5637517
1055,0.5637675
1055,0.5637926
1056,0.56417346
1056,0.5642041
1057,0.564203
1057,0.5641974
1058,0.5643112
1058,0.56436694
1059,0.56461483
1059,0.5646543
1060,0.5645852
1060,0.5645984
1061,0.56455225
1061,0.5645652
1062,0.56494653
1062,0.5649424
1063,0.56491905
1063,0.56497
1064,0.5649934
1064,0.56494695
1065,0.5648984
1065,0.56499934
1066,0.5651679
1066,0.56526554
1067,0.56524336
1067,0.56519586
1068,0.56521535
1068,0.5651949
1069,0.5651457
1069,0.565111
1070,0.56508476
1070,0.56505185
1071,0.5651606
1071,0.5651705
1072,0.56523955
1072,0.56530017
1073,0.565296
1073,0.5653066
1074,0.5652819
1074,0.5652927
1075,0.5653072
1075,0.5653052
1076,0.5653006
1076,0.5652932
1077,0.5651909
1077,0.56513906
1078,0.5651535
1078,0.56512994
1079,0.56512654
1079,0.56509364
1080,0.56509316
1080,0.5650591
1081,0.5650558
1081,0.56504077
1082,0.565037
1082,0.5650302
1083,0.5650094
1083,0.5649906
1084,0.5650039
1084,0.5650845
1085,0.56510115
1085,0.56505245
1086,0.5650518
1086,0.5649949
1087,0.56510013
1087,0.5650583
1088,0.56505024
1088,0.56502503
1089,0.5650411
1089,0.5649759
1090,0.5649485
1090,0.56488216
1091,0.5648558
1091,0.5648226
1092,0.56484604
1092,0.5647786
1093,0.56745327
1093,0.5674328
1093,0.5674328
1094,0.56743205
1094,0.56753707
1094,0.57246596
1095,0.57247835
1095,0.57243615
1095,0.57331693
1096,0.57331496
1096,0.5732707
1096,0.5735643
1097,0.57357657
1097,0.5735098
1097,0.57350934
1098,0.573524
1098,0.5735346
1098,0.57331276
1099,0.57330555
1099,0.57324463
1099,0.5726292
1100,0.572651
1100,0.57264036
1100,0.5720874
1101,0.57209945
1101,0.5721502
1101,0.5716971
1102,0.5716951
1102,0.5716491
1102,0.5715411
1103,0.57154024
1103,0.5718794
1103,0.5717415
1104,0.5717533
1104,0.5719136
1104,0.5717608
1105,0.5717584
1105,0.57178366
1105,0.5714668
1106,0.57148576
1106,0.57146305
1106,0.5712805
1107,0.5712945
1107,0.5713125
1107,0.57117045
1108,0.56848466
1108,0.56845546
1109,0.5688486
1109,0.56888294
1110,0.5688889
1110,0.5688637
1111,0.5688798
1111,0.5688437
1112,0.5688365
1112,0.56874347
1113,0.5687589
1113,0.5687209
1114,0.56869686
1114,0.5686442
1115,0.5686636
1115,0.5686569
1116,0.56864965
1116,0.56865764
1117,0.5686504
1117,0.56868225
1118,0.568675
1118,0.5686807
1119,0.5687392
1119,0.5687331
1120,0.5687491
1120,0.56607604
1121,0.56606877
1122,0.5660819
1123,0.5660642
1124,0.5660569
1125,0.5660496
1126,0.56619465
1127,0.5661874
1128,0.5661697
1129,0.56616235
1130,0.5661828
1131,0.5661966
1132,0.5661721
1133,0.5661854
1134,0.56620926
1135,0.56622314
1136,0.566238
1137,0.56623477
1138,0.56623423
1139,0.56624043
1140,0.56624043
1141,0.5662486
1142,0.5742843
1143,0.57836276
1144,0.577397
1145,0.5770823
1146,0.5769361
1147,0.5772541
1148,0.5771436
1149,0.5770693
1150,0.5772564
1151,0.5771912
1152,0.57714224
1153,0.5771048
1154,0.5772311
1155,0.5771961
1156,0.5771682
1157,0.57714313
1158,0.5772387
1159,0.57721746
1160,0.5798788
1160,0.5798788
1161,0.57986486
1161,0.58378017
1162,0.58385354
1162,0.5839533
1162,0.5839533
1163,0.58394027
1163,0.5809923
1163,0.57560664
1164,0.57559645
1164,0.57586515
1164,0.5780353
1165,0.57809573
1165,0.57747126
1165,0.57823044
1166,0.57822055
1166,0.5783887
1166,0.5786921
1167,0.5786823
1167,0.5780016
1167,0.577869
1168,0.57786036
1168,0.57804775
1168,0.57818276
1169,0.5782315
1169,0.5779427
1169,0.5780237
1170,0.5806941
1170,0.5799089
1170,0.5799825
1170,0.5799825
1171,0.5799762
1171,0.580358
1171,0.5803791
1171,0.5279532
1172,0.5279496
1172,0.5282183
1172,0.5282234
1172,0.5453924
1173,0.5454361
1173,0.54563606
1173,0.5454871
1173,0.55187994
1174,0.5518763
1174,0.55207825
1174,0.5520905
1174,0.55451125
1175,0.55450845
1175,0.5546292
1175,0.5546142
1175,0.55625075
1176,0.5562487
1176,0.55621845
1176,0.55619675
1176,0.5567057
1177,0.55674446
1177,0.5564023
1177,0.5562624
1177,0.556763
1178,0.55676097
1178,0.5568792
1178,0.5568661
1178,0.556747
1179,0.55674565
1179,0.5569318
1179,0.5568996
1179,0.5539051
1180,0.55393845
1180,0.55418617
1180,0.5541499
1181,0.5541473
1181,0.55429476
1181,0.5541588
1182,0.55415714
1182,0.5534947
1183,0.55349326
1183,0.5536292
1184,0.55365956
1184,0.5537678
1185,0.5537676
1185,0.55284715
1186,0.54213315
1187,0.542067
1188,0.54208827
1189,0.5421581
1190,0.5422465
1191,0.5423207
1192,0.54242396
1193,0.54231894
1194,0.5422815
1195,0.5421877
1196,0.5419859
1197,0.54206634
1198,0.5421271
1199,0.5422364
1200,0.5423038
1201,0.54237944
1202,0.5424259
1203,0.5424694
1204,0.5425545
1205,0.54254997
1206,0.5426257
1207,0.54265934
1208,0.5426883
1209,0.5427872
1210,0.5428942
1211,0.54289824
1212,0.5429439
1213,0.5430417
1214,0.5431021
1215,0.54315674
1216,0.54311407
1217,0.54320186
1218,0.5431894
1219,0.5432314
1220,0.54325485
1221,0.54328775
1222,0.54333264
1223,0.54339874
1224,0.5434341
1225,0.5434729
1226,0.5435041
1227,0.5434971
1228,0.54350597
1229,0.5434985
1230,0.5435206
1231,0.5435593
1232,0.54358846
1233,0.5436143
1234,0.5435865
1235,0.54363847
1236,0.5436491
1237,0.543683
1238,0.5437105
1239,0.5437352
1240,0.5437613
1241,0.54379964
1242,0.5465082
1242,0.5465082
1243,0.54654473
1243,0.55265296
1244,0.5526872
1244,0.5522665
1245,0.5512955
1245,0.55143577
1246,0.5513119
1246,0.55138206
1247,0.55140567
1247,0.549699
1248,0.5497225
1248,0.54935354
1249,0.54937524
1249,0.5497018
1250,0.54964924
1250,0.54978997
1251,0.54977185
1251,0.5499739
1252,0.54997766
1252,0.549739
1253,0.54974157
1253,0.5498347
1254,0.5498562
1254,0.54993385
1255,0.54996705
1255,0.5497853
1256,0.54962516
1256,0.54975843
1257,0.54979026
1257,0.5499058
1258,0.54993695
1258,0.54978675
1259,0.5497862
1259,0.5498902
1260,0.5498534
1260,0.5499459
1261,0.5499422
1261,0.5498146
1262,0.54978454
1262,0.54982835
1263,0.5497766
1263,0.54981625
1264,0.5498349
1264,0.5499083
1265,0.54990256
1265,0.5497999
1266,0.5498157
1266,0.54985005
1267,0.54964495
1267,0.5497094
1268,0.54968804
1268,0.54959834
1269,0.54957986
1269,0.54961014
1270,0.54962844
1270,0.54965657
1271,0.5524248
1271,0.552344
1271,0.552344
1272,0.55231035
1272,0.55236566
1272,0.5506216
1273,0.5502932
1273,0.550343
1273,0.55199456
1274,0.55190605
1274,0.55192816
1274,0.5529184
1275,0.5528695
1275,0.5528023
1275,0.5536623
1276,0.55347455
1276,0.5535198
1276,0.55341667
1277,0.5534073
1277,0.55342764
1277,0.5537692
1278,0.5536617
1278,0.5536008
1278,0.55355465
1279,0.55343753
1279,0.55347896
1279,0.55378413
1280,0.5536477
1280,0.55359113
1280,0.5537165
1281,0.55356747
1281,0.55360717
1281,0.55380815
1282,0.55380106
1282,0.5538193
1282,0.5537703
1283,0.55390286
1283,0.55385095
1283,0.5536171
1284,0.55359834
1284,0.55354893
1284,0.5534448
1285,0.5534349
1285,0.55338633
1285,0.5534312
1286,0.55363196
1286,0.5536693
1286,0.55390435
1287,0.5539198
1287,0.5538755
1287,0.5539616
1288,0.55397844
1288,0.55401427
1288,0.5539989
1289,0.55400276
1289,0.5540371
1289,0.55324
1290,0.5505532
1290,0.55055106
1291,0.5505082
1291,0.5504748
1292,0.55050784
1292,0.5500214
1293,0.54998094
1293,0.54992586
1294,0.5499578
1294,0.5500023
1295,0.550033
1295,0.5500354
1296,0.5500649
1296,0.5501232
1297,0.55008626
1297,0.55011004
1298,0.55012476
1298,0.5501647
1299,0.54730684
1300,0.546948
1301,0.5466032
1302,0.54640335
1303,0.5463007
1304,0.54632235
1305,0.54635423
1306,0.54640824
1307,0.546464
1308,0.54644924
1309,0.54609054
1310,0.5461119
1311,0.5461439
1312,0.5462111
1313,0.546285
1314,0.5462665
1315,0.5463221
1316,0.5461553
1317,0.546155
1318,0.5459439
1319,0.5459737
1320,0.54591423
1321,0.54596704
1322,0.5458554
1323,0.5431942
1326,0.54587275
1327,0.5453419
1328,0.5466467
1329,0.5470773
1330,0.5471206
1331,0.5472772
1332,0.5473795
1333,0.54669785
1334,0.5470086
1335,0.5472052
1336,0.54738677
1337,0.5475481
1338,0.5476705
1339,0.54778427
1340,0.54652303
1341,0.546386
1342,0.5464148
1343,0.54590505
1344,0.5460009
1345,0.5459571
1346,0.5460921
1347,0.546233
1348,0.54638165
1349,0.5462049
1350,0.5462909
1351,0.546362
1352,0.54647636
1353,0.5464836
1354,0.54630387
1355,0.5461314
1356,0.54598266
1357,0.545999
1358,0.54594994
1359,0.5459041
1360,0.54584956
1361,0.54589474
1362,0.5458263
1363,0.54587156
1364,0.5459127
1365,0.54604185
1366,0.5460925
1367,0.5461763
1368,0.5489686
1368,0.5489686
1369,0.54889214
1369,0.55287963
1370,0.5529138
1370,0.55266255
1371,0.55248463
1371,0.5525676
1372,0.5526229
1372,0.55260783
1373,0.55242443
1373,0.55246013
1374,0.55227166
1374,0.54956937
1375,0.549558
1375,0.54969805
1376,0.5496223
1376,0.5497275
1377,0.5497384
1377,0.54982036
1378,0.54980755
1378,0.54848003
1379,0.5458184
1380,0.5455559
1381,0.54536086
1382,0.5448433
1383,0.5450803
1384,0.54541373
1385,0.54564345
1386,0.545739
1387,0.54577136
1388,0.54572576
1389,0.5484192
1389,0.5484192
1390,0.548286
1390,0.55031973
1391,0.550256
1391,0.5496335
1392,0.54972094
1392,0.5502263
1393,0.55038244
1393,0.5506374
1394,0.5507129
1394,0.55061877
1395,0.55072
1395,0.5505102
1396,0.55058587
1396,0.55021614
1397,0.5499979
1397,0.5500272
1398,0.5500503
1398,0.5497896
1399,0.5497726
1399,0.548419
1400,0.5484282
1400,0.5484231
1401,0.54851955
1401,0.5478516
1402,0.5478266
1402,0.5474159
1403,0.54727715
1403,0.54726315
1404,0.5472689
1404,0.54688376
1405,0.54425
1406,0.54281193
1407,0.5427701
1408,0.54297644
1409,0.54306644
1410,0.54314715
1411,0.54193413
1412,0.54208344
1413,0.54231113
1414,0.5425334
1415,0.5427618
1416,0.542989
1417,0.5432128
1418,0.5433173
1419,0.5434552
1420,0.54362893
1421,0.5437787
1422,0.5438966
1423,0.54401624
1424,0.5442094
1425,0.5443543
1426,0.54450095
1427,0.544614
1428,0.54470164
1429,0.544804
1430,0.54492116
1431,0.5450592
1432,0.5451441
1433,0.54524845
1434,0.5480267
1434,0.5480267
1435,0.54809916
1435,0.5496264
1436,0.54971504
1436,0.5506071
1437,0.55067796
1437,0.54963815
1438,0.5497101
1438,0.5494913
1439,0.5495561
1439,0.5494253
1440,0.54950076
1440,0.5494787
1441,0.5495421
1441,0.549861
1442,0.54991794
1442,0.5500246
1443,0.55008334
1443,0.5503172
1444,0.5503824
1444,0.5505556
1445,0.5506059
1445,0.5508161
1446,0.5508685
1446,0.55089813
1447,0.55095685
1447,0.5507744
1448,0.550813
1448,0.5507585
1449,0.55081344
1449,0.5506273
1450,0.5506688
1450,0.5504913
1451,0.5505353
1451,0.55050063
1452,0.5505392
1452,0.55050844
1453,0.5478711
1454,0.54761124
1455,0.5475512
1456,0.5476085
1457,0.54763705
1458,0.54746795
1459,0.5474453
1460,0.54744935
1461,0.5473778
1462,0.54744595
1463,0.54750586
1464,0.5475277
1465,0.5475433
1466,0.5473655
1467,0.54704523
1468,0.54667455
1469,0.54664344
1470,0.543973
1474,0.5466516
1475,0.54886395
1476,0.54311717
1477,0.5439581
1478,0.54515535
1479,0.5459458
1480,0.54647124
1481,0.54676664
1482,0.5467079
1483,0.54638076
1484,0.5464357
1485,0.54642785
1486,0.546579
1487,0.54682654
1488,0.5468688
1489,0.546844
1490,0.5467947
1491,0.5466497
1492,0.5466722
1493,0.5494249
1493,0.5494249
1494,0.54962087
1494,0.55188465
1495,0.5520366
1495,0.54867077
1496,0.5487127
1496,0.55017227
1497,0.5501857
1497,0.5511736
1498,0.55122805
1498,0.5516656
1499,0.5517505
1499,0.55199873
1500,0.55205995
1500,0.5523854
1501,0.55244625
1501,0.5526903
1502,0.5526633
1502,0.55285317
1503,0.552891
1503,0.5530429
1504,0.5503864
1505,0.55047345
1506,0.55058014
1507,0.5506704
1508,0.55074775
1509,0.55081475
1510,0.55087346
1511,0.5509252
1512,0.5509712
1513,0.55369097
1513,0.55369097
1514,0.55372804
1514,0.5564723
1515,0.5565048
1515,0.55671936
1516,0.5567489
1516,0.5568205
1517,0.5568476
1517,0.5567762
1518,0.5567596
1518,0.55396605
1519,0.55396056
1519,0.55412745
1520,0.5541512
1520,0.55415815
1521,0.55414337
1521,0.5542912
1522,0.55431294
1522,0.55393034
1523,0.55393684
1523,0.5539522
1524,0.5539445
1524,0.55402935
1525,0.5540164
1525,0.5538686
1526,0.55388737
1526,0.5536148
1527,0.55363244
1527,0.55349445
1528,0.5535111
1528,0.55367666
1529,0.55369234
1529,0.5537686
1530,0.55377233
1530,0.5538148
1531,0.5538291
1531,0.5535746
1532,0.55359864
1532,0.5536184
1533,0.55363095
1533,0.55352503
1534,0.55353695
1534,0.553577
1535,0.55358833
1535,0.553686
1536,0.5536969
1536,0.5537507
1537,0.55375177
1537,0.5538
1538,0.5538101
1538,0.55380857
1539,0.55381817
1539,0.5538596
1540,0.5538513
1540,0.55382514
1541,0.55381846
1541,0.55390126
1542,0.5539103
1542,0.5538413
1543,0.55385005
1543,0.55371463
1544,0.5536984
1544,0.55374855
1545,0.55642104
1545,0.55652493
1545,0.55652493
1546,0.55653346
1546,0.5565908
1546,0.5580438
1547,0.55523026
1547,0.5495185
1548,0.54939675
1548,0.54973847
1549,0.5497722
1549,0.55067563
1550,0.5501807
1550,0.5498352
1551,0.5498962
1551,0.5506681
1552,0.54801
1553,0.5482391
1554,0.54731846
1555,0.5473311
1556,0.54777247
1557,0.54794216
1558,0.54825604
1559,0.5484371
1560,0.5486684
1561,0.5487158
1562,0.54894704
1563,0.5488784
1564,0.5489833
1565,0.54906887
1566,0.54914683
1567,0.54930764
1568,0.54936266
1569,0.54948723
1570,0.5494722
1571,0.5496567
1572,0.5496475
1573,0.54976463
1574,0.5471308
1575,0.5498094
1576,0.55366045
1577,0.5531481
1578,0.55300766
1579,0.55295134
1580,0.5530138
1581,0.55312145
1582,0.55314183
1583,0.5532065
1584,0.5532569
1585,0.5532576
1586,0.55593675
1586,0.55593675
1587,0.5559702
1587,0.5543311
1588,0.55432904
1588,0.5539381
1589,0.55396384
1589,0.5546762
1590,0.55469847
1590,0.5547467
1591,0.55474216
1591,0.5550606
1592,0.5550793
1592,0.5546929
1593,0.5546881
1593,0.5548564
1594,0.554827
1594,0.55522734
1595,0.55518967
1595,0.5553498
1596,0.5553264
1596,0.5553881
1597,0.5553567
1597,0.5555596
1598,0.55554056
1598,0.5554456
1599,0.55544806
1599,0.5555734
1600,0.55555487
1600,0.5557424
1601,0.5557269
1601,0.5557318
1602,0.5557351
1602,0.555946
1603,0.5559491
1603,0.5559141
1604,0.55593026
1604,0.5560424
1605,0.55605745
1605,0.55615777
1606,0.55615944
1606,0.5561756
1607,0.55618924
1607,0.5562743
1608,0.558954
1608,0.55903137
1608,0.55903137
1609,0.5590437
1609,0.55910933
1609,0.55988204
1610,0.5598827
1610,0.55994576
1610,0.5607007
1611,0.56071174
1611,0.5607545
1611,0.5610029
1612,0.56101334
1612,0.55837196
1613,0.55835557
1613,0.55818945
1614,0.5581726
1614,0.5583879
1615,0.5583982
1615,0.558437
1616,0.558426
1616,0.5586019
1617,0.5585868
1617,0.5585879
1618,0.558578
1618,0.5586492
1619,0.5586353
1619,0.557702
1620,0.55769306
1620,0.5577453
1621,0.55774707
1621,0.5578535
1622,0.5578632
1622,0.55793595
1623,0.5579452
1623,0.5579784
1624,0.55797964
1624,0.5580357
1625,0.55803686
1625,0.558052
1626,0.5553945
1627,0.5554359
1628,0.5554729
1629,0.55548584
1630,0.5555171
1631,0.55554545
1632,0.55555356
1633,0.5555544
1634,0.55557775
1635,0.55559933
1636,0.55561936
1637,0.5556233
1638,0.5556411
1639,0.55565774
1640,0.5556733
1641,0.555659
1642,0.55835205
1642,0.55835205
1643,0.5556872
1644,0.5541812
1645,0.55427605
1646,0.5553605
1647,0.55574304
1648,0.55609685
1649,0.5562803
1650,0.5590418
1650,0.5590418
1651,0.55842966
1651,0.56108767
1652,0.56127113
1652,0.5608795
1653,0.5609632
1653,0.5605101
1654,0.5607102
1654,0.5607098
1655,0.5605984
1655,0.56039196
1656,0.56046665
1656,0.5606355
1657,0.56070036
1657,0.56066865
1658,0.5607457
1658,0.5607471
1659,0.56076634
1659,0.5604483
1660,0.56051195
1660,0.56060314
1661,0.5632476
1661,0.5632643
1661,0.5632643
1662,0.563324
1662,0.5633366
1662,0.5650022
1663,0.5650521
1663,0.56506366
1663,0.5654488
1664,0.5654966
1664,0.5655033
1664,0.5655103
1665,0.5655537
1665,0.5656687
1665,0.5657634
1666,0.5658013
1666,0.56586105
1666,0.5659179
1667,0.5659545
1667,0.5658826
1667,0.56587166
1668,0.56591976
1668,0.5659447
1668,0.56592625
1669,0.5659446
1669,0.56598896
1669,0.56602085
1670,0.5660631
1670,0.5659636
1670,0.5659884
1671,0.5660148
1671,0.56601614
1671,0.56599957
1672,0.56602335
1672,0.56606805
1672,0.5660876
1673,0.5661108
1673,0.5661467
1673,0.566163
1674,0.5661962
1674,0.56623363
1674,0.56621945
1675,0.5659709
1675,0.5660322
1675,0.566046
1676,0.5633944
1676,0.5634064
1677,0.5633627
1677,0.5633732
1678,0.56336486
1678,0.5633527
1679,0.563419
1679,0.56342846
1680,0.5634525
1680,0.56346095
1681,0.56348336
1681,0.563491
1682,0.56348264
1682,0.5634722
1683,0.56349206
1683,0.56349915
1684,0.56355155
1684,0.56355804
1685,0.56357795
1685,0.5635705
1686,0.56360835
1686,0.5635997
1687,0.5636168
1687,0.5636229
1688,0.56363916
1688,0.56364477
1689,0.56365275
1689,0.56365794
1690,0.5636813
1690,0.5636862
1691,0.5637084
1691,0.5637008
1692,0.5637063
1692,0.563688
1693,0.56369823
1693,0.56370336
1694,0.56373096
1694,0.56372565
1695,0.56373656
1695,0.5637306
1696,0.56374115
1696,0.563746
1697,0.56377065
1697,0.5637752
1698,0.5637845
1698,0.56377894
1699,0.5638019
1699,0.55973697
1700,0.5597348
1700,0.5597088
1701,0.5597107
1701,0.5596752
1702,0.559683
1702,0.5596568
1703,0.55967736
1703,0.5594825
1704,0.5595023
1704,0.55954546
1705,0.5595517
1705,0.55958414
1706,0.55960274
1706,0.5596587
1707,0.5596642
1707,0.5597175
1708,0.55973494
1708,0.5597856
1709,0.5598025
1709,0.5598507
1710,0.5598671
1710,0.55991304
1711,0.55991715
1711,0.559961
1712,0.55997646
1712,0.5600183
1713,0.5600332
1713,0.56007314
1714,0.5600746
1714,0.5601128
1715,0.56012696
1715,0.56016344
1716,0.5601772
1716,0.5602304
1717,0.56023306
1717,0.56026626
1718,0.56027937
1718,0.5602896
1719,0.5603023
1719,0.5603434
1720,0.5603455
1720,0.55769616
1721,0.55770344
1722,0.5577153
1723,0.5577169
1724,0.5577283
1725,0.556988
1726,0.5569901
1727,0.55699193
1728,0.55697477
1729,0.5569439
1730,0.5569256
1731,0.55692416
1732,0.5569029
1733,0.55689526
1734,0.55690664
1735,0.55691165
1736,0.5568829
1737,0.5568627
1738,0.5568087
1739,0.55681485
1740,0.55680233
1741,0.5567804
1742,0.556781
1743,0.5567802
1744,0.55679286
1745,0.5567584
1746,0.55676156
1747,0.55672807
1748,0.55672276
1749,0.5567416
1750,0.55670875
1751,0.55668426
1752,0.5566745
1753,0.55664474
1754,0.55664223
1755,0.5565995
1756,0.5565962
1757,0.55657554
1758,0.5565339
1759,0.55650944
1760,0.556501
1761,0.55649894
1762,0.5564732
1763,0.55645853
1764,0.5564424
1765,0.55642617
1766,0.55639416
1767,0.55636716
1768,0.5563494
1769,0.55632657
1770,0.55897754
1770,0.55897754
1771,0.5589784
1771,0.560958
1772,0.56093866
1772,0.56082314
1772,0.56082314
1773,0.5607938
1773,0.56057644
1773,0.5616255
1774,0.56159836
1774,0.5607415
1774,0.56042486
1775,0.56038314
1775,0.5605047
1775,0.5603952
1776,0.5603585
1776,0.5603543
1776,0.55979043
1777,0.55977803
1777,0.55965245
1777,0.55929655
1778,0.5592763
1778,0.55894905
1778,0.55903447
1779,0.5589929
1779,0.5586339
1779,0.55865604
1780,0.55862427
1780,0.5587699
1780,0.55894715
1781,0.5589148
1781,0.558872
1781,0.55886185
1782,0.55883753
1782,0.55899966
1782,0.55901325
1783,0.55898094
1783,0.55907565
1783,0.5590842
1784,0.5590256
1784,0.5591597
1784,0.5592317
1785,0.5591957
1785,0.5593122
1785,0.55930966
1786,0.5592677
1786,0.55937815
1786,0.5593738
1787,0.5593365
1787,0.5594341
1787,0.55942833
1788,0.55939037
1788,0.5594774
1788,0.5594324
1789,0.5593963
1789,0.55950856
1789,0.5596842
1790,0.55962706
1790,0.5597126
1790,0.55981827
1791,0.55977464
1791,0.55978394
1791,0.5598785
1792,0.5571616
1792,0.5572371
1793,0.55686814
1793,0.5569353
1794,0.5568376
1794,0.5568886
1795,0.5567527
1795,0.5567989
1796,0.55674976
1796,0.5567499
1797,0.5567416
1797,0.5568065
1798,0.5569015
1798,0.5562351
1799,0.5562837
1799,0.55630267
1800,0.55635977
1800,0.5563754
1801,0.55642855
1801,0.5564421
1802,0.5565166
1802,0.55652916
1803,0.5565705
1803,0.5565329
1804,0.5565125
1804,0.5565219
1805,0.55656034
1805,0.55656826
1806,0.55660844
1806,0.556615
1807,0.55661964
1807,0.5566249
1808,0.55666184
1808,0.5566668
1809,0.55669785
1809,0.5567008
1810,0.55673385
1810,0.5566945
